inst_id,year,ncses_inst_id,toi_code,ffrdctype,inst_name_long,inst_city,inst_state_code,inst_zip,questionnaire_no,question,row,column,data,status
400885,2010,F2446001,3,3,Pacific Northwest National Laboratory,Richland,WA,99352,01.a,Source,Federal government,,1091872,
400885,2010,F2446001,3,3,Pacific Northwest National Laboratory,Richland,WA,99352,01.b,Source,State and local government,,6610,
400885,2010,F2446001,3,3,Pacific Northwest National Laboratory,Richland,WA,99352,01.c,Source,Business,,13991,
400885,2010,F2446001,3,3,Pacific Northwest National Laboratory,Richland,WA,99352,01.e,Source,All other sources,,4175,
400885,2010,F2446001,3,3,Pacific Northwest National Laboratory,Richland,WA,99352,01.f,Source,Total,,1116648,
400885,2010,F2446001,3,3,Pacific Northwest National Laboratory,Richland,WA,99352,04.a,Type of R&D,Basic research,Federal,236121,
400885,2010,F2446001,3,3,Pacific Northwest National Laboratory,Richland,WA,99352,04.a,Type of R&D,Basic research,Nonfederal,5773,
400885,2010,F2446001,3,3,Pacific Northwest National Laboratory,Richland,WA,99352,04.a,Type of R&D,Basic research,Total,241894,
400885,2010,F2446001,3,3,Pacific Northwest National Laboratory,Richland,WA,99352,04.b,Type of R&D,Applied research,Federal,236121,
400885,2010,F2446001,3,3,Pacific Northwest National Laboratory,Richland,WA,99352,04.b,Type of R&D,Applied research,Nonfederal,3419,
400885,2010,F2446001,3,3,Pacific Northwest National Laboratory,Richland,WA,99352,04.b,Type of R&D,Applied research,Total,239540,
400885,2010,F2446001,3,3,Pacific Northwest National Laboratory,Richland,WA,99352,04.c,Type of R&D,Development,Federal,619630,
400885,2010,F2446001,3,3,Pacific Northwest National Laboratory,Richland,WA,99352,04.c,Type of R&D,Development,Nonfederal,15584,
400885,2010,F2446001,3,3,Pacific Northwest National Laboratory,Richland,WA,99352,04.c,Type of R&D,Development,Total,635214,
400885,2010,F2446001,3,3,Pacific Northwest National Laboratory,Richland,WA,99352,04.d,Type of R&D,All,Federal,1091872,
400885,2010,F2446001,3,3,Pacific Northwest National Laboratory,Richland,WA,99352,04.d,Type of R&D,All,Nonfederal,24776,
400885,2010,F2446001,3,3,Pacific Northwest National Laboratory,Richland,WA,99352,04.d,Type of R&D,All,Total,1116648,
400885,2010,F2446001,3,3,Pacific Northwest National Laboratory,Richland,WA,99352,N/A,ARRA funds,Total,,112870,
401119,2010,,3,1,National Astronomy and Ionosphere Center,Ithaca,NY,14853,01.a,Source,Federal government,,13084,
401119,2010,,3,1,National Astronomy and Ionosphere Center,Ithaca,NY,14853,01.e,Source,All other sources,,119,
401119,2010,,3,1,National Astronomy and Ionosphere Center,Ithaca,NY,14853,01.f,Source,Total,,13203,
401119,2010,,3,1,National Astronomy and Ionosphere Center,Ithaca,NY,14853,04.a,Type of R&D,Basic research,Federal,13084,
401119,2010,,3,1,National Astronomy and Ionosphere Center,Ithaca,NY,14853,04.a,Type of R&D,Basic research,Nonfederal,0,
401119,2010,,3,1,National Astronomy and Ionosphere Center,Ithaca,NY,14853,04.a,Type of R&D,Basic research,Total,13084,
401119,2010,,3,1,National Astronomy and Ionosphere Center,Ithaca,NY,14853,04.c,Type of R&D,Development,Federal,0,
401119,2010,,3,1,National Astronomy and Ionosphere Center,Ithaca,NY,14853,04.c,Type of R&D,Development,Nonfederal,119,
401119,2010,,3,1,National Astronomy and Ionosphere Center,Ithaca,NY,14853,04.c,Type of R&D,Development,Total,119,
401119,2010,,3,1,National Astronomy and Ionosphere Center,Ithaca,NY,14853,04.d,Type of R&D,All,Federal,13084,
401119,2010,,3,1,National Astronomy and Ionosphere Center,Ithaca,NY,14853,04.d,Type of R&D,All,Nonfederal,119,
401119,2010,,3,1,National Astronomy and Ionosphere Center,Ithaca,NY,14853,04.d,Type of R&D,All,Total,13203,
401435,2010,F1661001,3,2,Lawrence Livermore National Laboratory,Livermore,CA,94550,01.a,Source,Federal government,,1323623,
401435,2010,F1661001,3,2,Lawrence Livermore National Laboratory,Livermore,CA,94550,01.b,Source,State and local government,,2603,
401435,2010,F1661001,3,2,Lawrence Livermore National Laboratory,Livermore,CA,94550,01.c,Source,Business,,7634,
401435,2010,F1661001,3,2,Lawrence Livermore National Laboratory,Livermore,CA,94550,01.d,Source,Nonprofit organizations,,849,
401435,2010,F1661001,3,2,Lawrence Livermore National Laboratory,Livermore,CA,94550,01.e,Source,All other sources,,36038,
401435,2010,F1661001,3,2,Lawrence Livermore National Laboratory,Livermore,CA,94550,01.f,Source,Total,,1370747,
401435,2010,F1661001,3,2,Lawrence Livermore National Laboratory,Livermore,CA,94550,04.a,Type of R&D,Basic research,Federal,165587,
401435,2010,F1661001,3,2,Lawrence Livermore National Laboratory,Livermore,CA,94550,04.a,Type of R&D,Basic research,Nonfederal,2530,
401435,2010,F1661001,3,2,Lawrence Livermore National Laboratory,Livermore,CA,94550,04.a,Type of R&D,Basic research,Total,168117,
401435,2010,F1661001,3,2,Lawrence Livermore National Laboratory,Livermore,CA,94550,04.b,Type of R&D,Applied research,Federal,902043,
401435,2010,F1661001,3,2,Lawrence Livermore National Laboratory,Livermore,CA,94550,04.b,Type of R&D,Applied research,Nonfederal,44594,
401435,2010,F1661001,3,2,Lawrence Livermore National Laboratory,Livermore,CA,94550,04.b,Type of R&D,Applied research,Total,946637,
401435,2010,F1661001,3,2,Lawrence Livermore National Laboratory,Livermore,CA,94550,04.c,Type of R&D,Development,Federal,255993,
401435,2010,F1661001,3,2,Lawrence Livermore National Laboratory,Livermore,CA,94550,04.c,Type of R&D,Development,Nonfederal,0,
401435,2010,F1661001,3,2,Lawrence Livermore National Laboratory,Livermore,CA,94550,04.c,Type of R&D,Development,Total,255993,
401435,2010,F1661001,3,2,Lawrence Livermore National Laboratory,Livermore,CA,94550,04.d,Type of R&D,All,Federal,1323623,
401435,2010,F1661001,3,2,Lawrence Livermore National Laboratory,Livermore,CA,94550,04.d,Type of R&D,All,Nonfederal,47124,
401435,2010,F1661001,3,2,Lawrence Livermore National Laboratory,Livermore,CA,94550,04.d,Type of R&D,All,Total,1370747,
401435,2010,F1661001,3,2,Lawrence Livermore National Laboratory,Livermore,CA,94550,N/A,ARRA funds,Total,,3624,
900006,2010,F2085001,3,3,National Biodefense Analysis and Countermeasures Center,Frederick,MD,21702,01.a,Source,Federal government,,50058,
900006,2010,F2085001,3,3,National Biodefense Analysis and Countermeasures Center,Frederick,MD,21702,01.f,Source,Total,,50058,
900006,2010,F2085001,3,3,National Biodefense Analysis and Countermeasures Center,Frederick,MD,21702,04.b,Type of R&D,Applied research,Federal,50058,
900006,2010,F2085001,3,3,National Biodefense Analysis and Countermeasures Center,Frederick,MD,21702,04.b,Type of R&D,Applied research,Nonfederal,0,
900006,2010,F2085001,3,3,National Biodefense Analysis and Countermeasures Center,Frederick,MD,21702,04.b,Type of R&D,Applied research,Total,50058,
900006,2010,F2085001,3,3,National Biodefense Analysis and Countermeasures Center,Frederick,MD,21702,04.d,Type of R&D,All,Federal,50058,
900006,2010,F2085001,3,3,National Biodefense Analysis and Countermeasures Center,Frederick,MD,21702,04.d,Type of R&D,All,Nonfederal,0,
900006,2010,F2085001,3,3,National Biodefense Analysis and Countermeasures Center,Frederick,MD,21702,04.d,Type of R&D,All,Total,50058,
900010,2010,R1825001,3,1,Lincoln Laboratory,Lexington,MA,02173,01.a,Source,Federal government,,785774,
900010,2010,R1825001,3,1,Lincoln Laboratory,Lexington,MA,02173,01.c,Source,Business,,569,
900010,2010,R1825001,3,1,Lincoln Laboratory,Lexington,MA,02173,01.e,Source,All other sources,,3159,
900010,2010,R1825001,3,1,Lincoln Laboratory,Lexington,MA,02173,01.f,Source,Total,,789502,
900010,2010,R1825001,3,1,Lincoln Laboratory,Lexington,MA,02173,04.a,Type of R&D,Basic research,Federal,502,
900010,2010,R1825001,3,1,Lincoln Laboratory,Lexington,MA,02173,04.a,Type of R&D,Basic research,Nonfederal,0,
900010,2010,R1825001,3,1,Lincoln Laboratory,Lexington,MA,02173,04.a,Type of R&D,Basic research,Total,502,
900010,2010,R1825001,3,1,Lincoln Laboratory,Lexington,MA,02173,04.b,Type of R&D,Applied research,Federal,642747,
900010,2010,R1825001,3,1,Lincoln Laboratory,Lexington,MA,02173,04.b,Type of R&D,Applied research,Nonfederal,0,
900010,2010,R1825001,3,1,Lincoln Laboratory,Lexington,MA,02173,04.b,Type of R&D,Applied research,Total,642747,
900010,2010,R1825001,3,1,Lincoln Laboratory,Lexington,MA,02173,04.c,Type of R&D,Development,Federal,142525,
900010,2010,R1825001,3,1,Lincoln Laboratory,Lexington,MA,02173,04.c,Type of R&D,Development,Nonfederal,3728,
900010,2010,R1825001,3,1,Lincoln Laboratory,Lexington,MA,02173,04.c,Type of R&D,Development,Total,146253,
900010,2010,R1825001,3,1,Lincoln Laboratory,Lexington,MA,02173,04.d,Type of R&D,All,Federal,785774,
900010,2010,R1825001,3,1,Lincoln Laboratory,Lexington,MA,02173,04.d,Type of R&D,All,Nonfederal,3728,
900010,2010,R1825001,3,1,Lincoln Laboratory,Lexington,MA,02173,04.d,Type of R&D,All,Total,789502,
900011,2010,F0224001,3,1,Ames Laboratory,Ames,IA,50011,01.a,Source,Federal government,,30289,
900011,2010,F0224001,3,1,Ames Laboratory,Ames,IA,50011,01.c,Source,Business,,405,
900011,2010,F0224001,3,1,Ames Laboratory,Ames,IA,50011,01.d,Source,Nonprofit organizations,,112,
900011,2010,F0224001,3,1,Ames Laboratory,Ames,IA,50011,01.e,Source,All other sources,,30,
900011,2010,F0224001,3,1,Ames Laboratory,Ames,IA,50011,01.f,Source,Total,,30836,
900011,2010,F0224001,3,1,Ames Laboratory,Ames,IA,50011,04.a,Type of R&D,Basic research,Federal,22292,
900011,2010,F0224001,3,1,Ames Laboratory,Ames,IA,50011,04.a,Type of R&D,Basic research,Nonfederal,0,
900011,2010,F0224001,3,1,Ames Laboratory,Ames,IA,50011,04.a,Type of R&D,Basic research,Total,22292,
900011,2010,F0224001,3,1,Ames Laboratory,Ames,IA,50011,04.b,Type of R&D,Applied research,Federal,7316,
900011,2010,F0224001,3,1,Ames Laboratory,Ames,IA,50011,04.b,Type of R&D,Applied research,Nonfederal,236,
900011,2010,F0224001,3,1,Ames Laboratory,Ames,IA,50011,04.b,Type of R&D,Applied research,Total,7552,
900011,2010,F0224001,3,1,Ames Laboratory,Ames,IA,50011,04.c,Type of R&D,Development,Federal,681,
900011,2010,F0224001,3,1,Ames Laboratory,Ames,IA,50011,04.c,Type of R&D,Development,Nonfederal,311,
900011,2010,F0224001,3,1,Ames Laboratory,Ames,IA,50011,04.c,Type of R&D,Development,Total,992,
900011,2010,F0224001,3,1,Ames Laboratory,Ames,IA,50011,04.d,Type of R&D,All,Federal,30289,
900011,2010,F0224001,3,1,Ames Laboratory,Ames,IA,50011,04.d,Type of R&D,All,Nonfederal,547,
900011,2010,F0224001,3,1,Ames Laboratory,Ames,IA,50011,04.d,Type of R&D,All,Total,30836,
900011,2010,F0224001,3,1,Ames Laboratory,Ames,IA,50011,N/A,ARRA funds,Total,,30,
900012,2010,F0255001,3,1,Argonne National Laboratory,Argonne,IL,60439,01.a,Source,Federal government,,603841,
900012,2010,F0255001,3,1,Argonne National Laboratory,Argonne,IL,60439,01.b,Source,State and local government,,888,
900012,2010,F0255001,3,1,Argonne National Laboratory,Argonne,IL,60439,01.e,Source,All other sources,,45775,
900012,2010,F0255001,3,1,Argonne National Laboratory,Argonne,IL,60439,01.f,Source,Total,,650504,
900012,2010,F0255001,3,1,Argonne National Laboratory,Argonne,IL,60439,04.a,Type of R&D,Basic research,Federal,280522,
900012,2010,F0255001,3,1,Argonne National Laboratory,Argonne,IL,60439,04.a,Type of R&D,Basic research,Nonfederal,24677,
900012,2010,F0255001,3,1,Argonne National Laboratory,Argonne,IL,60439,04.a,Type of R&D,Basic research,Total,305199,
900012,2010,F0255001,3,1,Argonne National Laboratory,Argonne,IL,60439,04.b,Type of R&D,Applied research,Federal,132573,
900012,2010,F0255001,3,1,Argonne National Laboratory,Argonne,IL,60439,04.b,Type of R&D,Applied research,Nonfederal,5245,
900012,2010,F0255001,3,1,Argonne National Laboratory,Argonne,IL,60439,04.b,Type of R&D,Applied research,Total,137818,
900012,2010,F0255001,3,1,Argonne National Laboratory,Argonne,IL,60439,04.c,Type of R&D,Development,Federal,190746,
900012,2010,F0255001,3,1,Argonne National Laboratory,Argonne,IL,60439,04.c,Type of R&D,Development,Nonfederal,16741,
900012,2010,F0255001,3,1,Argonne National Laboratory,Argonne,IL,60439,04.c,Type of R&D,Development,Total,207487,
900012,2010,F0255001,3,1,Argonne National Laboratory,Argonne,IL,60439,04.d,Type of R&D,All,Federal,603841,
900012,2010,F0255001,3,1,Argonne National Laboratory,Argonne,IL,60439,04.d,Type of R&D,All,Nonfederal,46663,
900012,2010,F0255001,3,1,Argonne National Laboratory,Argonne,IL,60439,04.d,Type of R&D,All,Total,650504,
900012,2010,F0255001,3,1,Argonne National Laboratory,Argonne,IL,60439,N/A,ARRA funds,Total,,77017,
900013,2010,F0480001,3,3,Brookhaven National Laboratory,Upton,NY,11973-5000,01.a,Source,Federal government,,515142,
900013,2010,F0480001,3,3,Brookhaven National Laboratory,Upton,NY,11973-5000,01.b,Source,State and local government,,1866,
900013,2010,F0480001,3,3,Brookhaven National Laboratory,Upton,NY,11973-5000,01.c,Source,Business,,6342,
900013,2010,F0480001,3,3,Brookhaven National Laboratory,Upton,NY,11973-5000,01.e,Source,All other sources,,12196,
900013,2010,F0480001,3,3,Brookhaven National Laboratory,Upton,NY,11973-5000,01.f,Source,Total,,535546,
900013,2010,F0480001,3,3,Brookhaven National Laboratory,Upton,NY,11973-5000,04.a,Type of R&D,Basic research,Federal,409575,
900013,2010,F0480001,3,3,Brookhaven National Laboratory,Upton,NY,11973-5000,04.a,Type of R&D,Basic research,Nonfederal,6121,
900013,2010,F0480001,3,3,Brookhaven National Laboratory,Upton,NY,11973-5000,04.a,Type of R&D,Basic research,Total,415696,
900013,2010,F0480001,3,3,Brookhaven National Laboratory,Upton,NY,11973-5000,04.b,Type of R&D,Applied research,Federal,44489,
900013,2010,F0480001,3,3,Brookhaven National Laboratory,Upton,NY,11973-5000,04.b,Type of R&D,Applied research,Nonfederal,10202,
900013,2010,F0480001,3,3,Brookhaven National Laboratory,Upton,NY,11973-5000,04.b,Type of R&D,Applied research,Total,54691,
900013,2010,F0480001,3,3,Brookhaven National Laboratory,Upton,NY,11973-5000,04.c,Type of R&D,Development,Federal,61078,
900013,2010,F0480001,3,3,Brookhaven National Laboratory,Upton,NY,11973-5000,04.c,Type of R&D,Development,Nonfederal,4081,
900013,2010,F0480001,3,3,Brookhaven National Laboratory,Upton,NY,11973-5000,04.c,Type of R&D,Development,Total,65159,
900013,2010,F0480001,3,3,Brookhaven National Laboratory,Upton,NY,11973-5000,04.d,Type of R&D,All,Federal,515142,
900013,2010,F0480001,3,3,Brookhaven National Laboratory,Upton,NY,11973-5000,04.d,Type of R&D,All,Nonfederal,20404,
900013,2010,F0480001,3,3,Brookhaven National Laboratory,Upton,NY,11973-5000,04.d,Type of R&D,All,Total,535546,
900013,2010,F0480001,3,3,Brookhaven National Laboratory,Upton,NY,11973-5000,N/A,ARRA funds,Total,,49712,
900016,2010,F1660001,3,1,Lawrence Berkeley National Laboratory,Berkeley,CA,94701,01.a,Source,Federal government,,703564,
900016,2010,F1660001,3,1,Lawrence Berkeley National Laboratory,Berkeley,CA,94701,01.b,Source,State and local government,,5881,
900016,2010,F1660001,3,1,Lawrence Berkeley National Laboratory,Berkeley,CA,94701,01.c,Source,Business,,13549,
900016,2010,F1660001,3,1,Lawrence Berkeley National Laboratory,Berkeley,CA,94701,01.d,Source,Nonprofit organizations,,785,
900016,2010,F1660001,3,1,Lawrence Berkeley National Laboratory,Berkeley,CA,94701,01.e,Source,All other sources,,35602,
900016,2010,F1660001,3,1,Lawrence Berkeley National Laboratory,Berkeley,CA,94701,01.f,Source,Total,,759381,
900016,2010,F1660001,3,1,Lawrence Berkeley National Laboratory,Berkeley,CA,94701,04.a,Type of R&D,Basic research,Federal,625026,
900016,2010,F1660001,3,1,Lawrence Berkeley National Laboratory,Berkeley,CA,94701,04.a,Type of R&D,Basic research,Nonfederal,42427,
900016,2010,F1660001,3,1,Lawrence Berkeley National Laboratory,Berkeley,CA,94701,04.a,Type of R&D,Basic research,Total,667453,
900016,2010,F1660001,3,1,Lawrence Berkeley National Laboratory,Berkeley,CA,94701,04.b,Type of R&D,Applied research,Federal,78471,
900016,2010,F1660001,3,1,Lawrence Berkeley National Laboratory,Berkeley,CA,94701,04.b,Type of R&D,Applied research,Nonfederal,13390,
900016,2010,F1660001,3,1,Lawrence Berkeley National Laboratory,Berkeley,CA,94701,04.b,Type of R&D,Applied research,Total,91861,
900016,2010,F1660001,3,1,Lawrence Berkeley National Laboratory,Berkeley,CA,94701,04.c,Type of R&D,Development,Federal,67,
900016,2010,F1660001,3,1,Lawrence Berkeley National Laboratory,Berkeley,CA,94701,04.c,Type of R&D,Development,Nonfederal,0,
900016,2010,F1660001,3,1,Lawrence Berkeley National Laboratory,Berkeley,CA,94701,04.c,Type of R&D,Development,Total,67,
900016,2010,F1660001,3,1,Lawrence Berkeley National Laboratory,Berkeley,CA,94701,04.d,Type of R&D,All,Federal,703564,
900016,2010,F1660001,3,1,Lawrence Berkeley National Laboratory,Berkeley,CA,94701,04.d,Type of R&D,All,Nonfederal,55817,
900016,2010,F1660001,3,1,Lawrence Berkeley National Laboratory,Berkeley,CA,94701,04.d,Type of R&D,All,Total,759381,
900016,2010,F1660001,3,1,Lawrence Berkeley National Laboratory,Berkeley,CA,94701,N/A,ARRA funds,Total,,80399,
900017,2010,F2686001,3,1,SLAC National Accelerator Laboratory,Menlo Park,CA,94025,01.a,Source,Federal government,,350377,
900017,2010,F2686001,3,1,SLAC National Accelerator Laboratory,Menlo Park,CA,94025,01.e,Source,All other sources,,4016,
900017,2010,F2686001,3,1,SLAC National Accelerator Laboratory,Menlo Park,CA,94025,01.f,Source,Total,,354393,
900017,2010,F2686001,3,1,SLAC National Accelerator Laboratory,Menlo Park,CA,94025,04.a,Type of R&D,Basic research,Federal,350377,
900017,2010,F2686001,3,1,SLAC National Accelerator Laboratory,Menlo Park,CA,94025,04.a,Type of R&D,Basic research,Nonfederal,4016,
900017,2010,F2686001,3,1,SLAC National Accelerator Laboratory,Menlo Park,CA,94025,04.a,Type of R&D,Basic research,Total,354393,
900017,2010,F2686001,3,1,SLAC National Accelerator Laboratory,Menlo Park,CA,94025,04.d,Type of R&D,All,Federal,350377,
900017,2010,F2686001,3,1,SLAC National Accelerator Laboratory,Menlo Park,CA,94025,04.d,Type of R&D,All,Nonfederal,4016,
900017,2010,F2686001,3,1,SLAC National Accelerator Laboratory,Menlo Park,CA,94025,04.d,Type of R&D,All,Total,354393,
900017,2010,F2686001,3,1,SLAC National Accelerator Laboratory,Menlo Park,CA,94025,N/A,ARRA funds,Total,,32796,
900018,2010,F1717001,3,2,Los Alamos National Laboratory,Los Alamos,NM,87545,01.a,Source,Federal government,,2470421,
900018,2010,F1717001,3,2,Los Alamos National Laboratory,Los Alamos,NM,87545,01.c,Source,Business,,35492,
900018,2010,F1717001,3,2,Los Alamos National Laboratory,Los Alamos,NM,87545,01.f,Source,Total,,2505913,
900018,2010,F1717001,3,2,Los Alamos National Laboratory,Los Alamos,NM,87545,04.a,Type of R&D,Basic research,Federal,2470421,
900018,2010,F1717001,3,2,Los Alamos National Laboratory,Los Alamos,NM,87545,04.a,Type of R&D,Basic research,Nonfederal,35492,
900018,2010,F1717001,3,2,Los Alamos National Laboratory,Los Alamos,NM,87545,04.a,Type of R&D,Basic research,Total,2505913,
900018,2010,F1717001,3,2,Los Alamos National Laboratory,Los Alamos,NM,87545,04.d,Type of R&D,All,Federal,2470421,
900018,2010,F1717001,3,2,Los Alamos National Laboratory,Los Alamos,NM,87545,04.d,Type of R&D,All,Nonfederal,35492,
900018,2010,F1717001,3,2,Los Alamos National Laboratory,Los Alamos,NM,87545,04.d,Type of R&D,All,Total,2505913,
900018,2010,F1717001,3,2,Los Alamos National Laboratory,Los Alamos,NM,87545,N/A,ARRA funds,Total,,139376,
900020,2010,F2564001,3,1,Princeton Plasma Physics Laboratory,Princeton,NJ,08543,01.a,Source,Federal government,,83521,
900020,2010,F2564001,3,1,Princeton Plasma Physics Laboratory,Princeton,NJ,08543,01.e,Source,All other sources,,411,
900020,2010,F2564001,3,1,Princeton Plasma Physics Laboratory,Princeton,NJ,08543,01.f,Source,Total,,83932,
900020,2010,F2564001,3,1,Princeton Plasma Physics Laboratory,Princeton,NJ,08543,04.a,Type of R&D,Basic research,Federal,83521,
900020,2010,F2564001,3,1,Princeton Plasma Physics Laboratory,Princeton,NJ,08543,04.a,Type of R&D,Basic research,Nonfederal,401,
900020,2010,F2564001,3,1,Princeton Plasma Physics Laboratory,Princeton,NJ,08543,04.a,Type of R&D,Basic research,Total,83922,
900020,2010,F2564001,3,1,Princeton Plasma Physics Laboratory,Princeton,NJ,08543,04.b,Type of R&D,Applied research,Federal,0,
900020,2010,F2564001,3,1,Princeton Plasma Physics Laboratory,Princeton,NJ,08543,04.b,Type of R&D,Applied research,Nonfederal,10,
900020,2010,F2564001,3,1,Princeton Plasma Physics Laboratory,Princeton,NJ,08543,04.b,Type of R&D,Applied research,Total,10,
900020,2010,F2564001,3,1,Princeton Plasma Physics Laboratory,Princeton,NJ,08543,04.d,Type of R&D,All,Federal,83521,
900020,2010,F2564001,3,1,Princeton Plasma Physics Laboratory,Princeton,NJ,08543,04.d,Type of R&D,All,Nonfederal,411,
900020,2010,F2564001,3,1,Princeton Plasma Physics Laboratory,Princeton,NJ,08543,04.d,Type of R&D,All,Total,83932,
900020,2010,F2564001,3,1,Princeton Plasma Physics Laboratory,Princeton,NJ,08543,N/A,ARRA funds,Total,,6132,
900021,2010,F2366001,3,3,Oak Ridge National Laboratory,Oak Ridge,TN,37831-6255,01.a,Source,Federal government,,1494690,
900021,2010,F2366001,3,3,Oak Ridge National Laboratory,Oak Ridge,TN,37831-6255,01.b,Source,State and local government,,1355,
900021,2010,F2366001,3,3,Oak Ridge National Laboratory,Oak Ridge,TN,37831-6255,01.c,Source,Business,,28448,
900021,2010,F2366001,3,3,Oak Ridge National Laboratory,Oak Ridge,TN,37831-6255,01.d,Source,Nonprofit organizations,,10420,
900021,2010,F2366001,3,3,Oak Ridge National Laboratory,Oak Ridge,TN,37831-6255,01.e,Source,All other sources,,3499,
900021,2010,F2366001,3,3,Oak Ridge National Laboratory,Oak Ridge,TN,37831-6255,01.f,Source,Total,,1538412,
900021,2010,F2366001,3,3,Oak Ridge National Laboratory,Oak Ridge,TN,37831-6255,04.a,Type of R&D,Basic research,Federal,766178,
900021,2010,F2366001,3,3,Oak Ridge National Laboratory,Oak Ridge,TN,37831-6255,04.a,Type of R&D,Basic research,Nonfederal,0,
900021,2010,F2366001,3,3,Oak Ridge National Laboratory,Oak Ridge,TN,37831-6255,04.a,Type of R&D,Basic research,Total,766178,
900021,2010,F2366001,3,3,Oak Ridge National Laboratory,Oak Ridge,TN,37831-6255,04.b,Type of R&D,Applied research,Federal,728512,
900021,2010,F2366001,3,3,Oak Ridge National Laboratory,Oak Ridge,TN,37831-6255,04.b,Type of R&D,Applied research,Nonfederal,43722,
900021,2010,F2366001,3,3,Oak Ridge National Laboratory,Oak Ridge,TN,37831-6255,04.b,Type of R&D,Applied research,Total,772234,
900021,2010,F2366001,3,3,Oak Ridge National Laboratory,Oak Ridge,TN,37831-6255,04.d,Type of R&D,All,Federal,1494690,
900021,2010,F2366001,3,3,Oak Ridge National Laboratory,Oak Ridge,TN,37831-6255,04.d,Type of R&D,All,Nonfederal,43722,
900021,2010,F2366001,3,3,Oak Ridge National Laboratory,Oak Ridge,TN,37831-6255,04.d,Type of R&D,All,Total,1538412,
900021,2010,F2366001,3,3,Oak Ridge National Laboratory,Oak Ridge,TN,37831-6255,N/A,ARRA funds,Total,,134856,
900024,2010,F1543001,3,1,Jet Propulsion Laboratory,Pasadena,CA,91109,01.a,Source,Federal government,,1640341,
900024,2010,F1543001,3,1,Jet Propulsion Laboratory,Pasadena,CA,91109,01.f,Source,Total,,1640341,
900024,2010,F1543001,3,1,Jet Propulsion Laboratory,Pasadena,CA,91109,04.b,Type of R&D,Applied research,Federal,328068,
900024,2010,F1543001,3,1,Jet Propulsion Laboratory,Pasadena,CA,91109,04.b,Type of R&D,Applied research,Nonfederal,0,
900024,2010,F1543001,3,1,Jet Propulsion Laboratory,Pasadena,CA,91109,04.b,Type of R&D,Applied research,Total,328068,
900024,2010,F1543001,3,1,Jet Propulsion Laboratory,Pasadena,CA,91109,04.c,Type of R&D,Development,Federal,1312273,
900024,2010,F1543001,3,1,Jet Propulsion Laboratory,Pasadena,CA,91109,04.c,Type of R&D,Development,Nonfederal,0,
900024,2010,F1543001,3,1,Jet Propulsion Laboratory,Pasadena,CA,91109,04.c,Type of R&D,Development,Total,1312273,
900024,2010,F1543001,3,1,Jet Propulsion Laboratory,Pasadena,CA,91109,04.d,Type of R&D,All,Federal,1640341,
900024,2010,F1543001,3,1,Jet Propulsion Laboratory,Pasadena,CA,91109,04.d,Type of R&D,All,Nonfederal,0,
900024,2010,F1543001,3,1,Jet Propulsion Laboratory,Pasadena,CA,91109,04.d,Type of R&D,All,Total,1640341,
900024,2010,F1543001,3,1,Jet Propulsion Laboratory,Pasadena,CA,91109,N/A,ARRA funds,Total,,101205,
900026,2010,F2154001,3,1,National Optical Astronomy Observatories,Tucson,AZ,85726,01.a,Source,Federal government,,41371,
900026,2010,F2154001,3,1,National Optical Astronomy Observatories,Tucson,AZ,85726,01.e,Source,All other sources,,4225,
900026,2010,F2154001,3,1,National Optical Astronomy Observatories,Tucson,AZ,85726,01.f,Source,Total,,45596,
900026,2010,F2154001,3,1,National Optical Astronomy Observatories,Tucson,AZ,85726,04.a,Type of R&D,Basic research,Federal,41371,
900026,2010,F2154001,3,1,National Optical Astronomy Observatories,Tucson,AZ,85726,04.a,Type of R&D,Basic research,Nonfederal,4225,
900026,2010,F2154001,3,1,National Optical Astronomy Observatories,Tucson,AZ,85726,04.a,Type of R&D,Basic research,Total,45596,
900026,2010,F2154001,3,1,National Optical Astronomy Observatories,Tucson,AZ,85726,04.d,Type of R&D,All,Federal,41371,
900026,2010,F2154001,3,1,National Optical Astronomy Observatories,Tucson,AZ,85726,04.d,Type of R&D,All,Nonfederal,4225,
900026,2010,F2154001,3,1,National Optical Astronomy Observatories,Tucson,AZ,85726,04.d,Type of R&D,All,Total,45596,
900026,2010,F2154001,3,1,National Optical Astronomy Observatories,Tucson,AZ,85726,N/A,ARRA funds,Total,,9125,
900027,2010,F2095001,3,1,National Center for Atmospheric Research,Boulder,CO,80307,01.a,Source,Federal government,,188960,
900027,2010,F2095001,3,1,National Center for Atmospheric Research,Boulder,CO,80307,01.b,Source,State and local government,,17126,
900027,2010,F2095001,3,1,National Center for Atmospheric Research,Boulder,CO,80307,01.c,Source,Business,,6415,
900027,2010,F2095001,3,1,National Center for Atmospheric Research,Boulder,CO,80307,01.d,Source,Nonprofit organizations,,7806,
900027,2010,F2095001,3,1,National Center for Atmospheric Research,Boulder,CO,80307,01.e,Source,All other sources,,21,
900027,2010,F2095001,3,1,National Center for Atmospheric Research,Boulder,CO,80307,01.f,Source,Total,,220328,
900027,2010,F2095001,3,1,National Center for Atmospheric Research,Boulder,CO,80307,04.a,Type of R&D,Basic research,Federal,103163,
900027,2010,F2095001,3,1,National Center for Atmospheric Research,Boulder,CO,80307,04.a,Type of R&D,Basic research,Nonfederal,22861,
900027,2010,F2095001,3,1,National Center for Atmospheric Research,Boulder,CO,80307,04.a,Type of R&D,Basic research,Total,126024,
900027,2010,F2095001,3,1,National Center for Atmospheric Research,Boulder,CO,80307,04.b,Type of R&D,Applied research,Federal,32608,
900027,2010,F2095001,3,1,National Center for Atmospheric Research,Boulder,CO,80307,04.b,Type of R&D,Applied research,Nonfederal,5446,
900027,2010,F2095001,3,1,National Center for Atmospheric Research,Boulder,CO,80307,04.b,Type of R&D,Applied research,Total,38054,
900027,2010,F2095001,3,1,National Center for Atmospheric Research,Boulder,CO,80307,04.c,Type of R&D,Development,Federal,53189,
900027,2010,F2095001,3,1,National Center for Atmospheric Research,Boulder,CO,80307,04.c,Type of R&D,Development,Nonfederal,3061,
900027,2010,F2095001,3,1,National Center for Atmospheric Research,Boulder,CO,80307,04.c,Type of R&D,Development,Total,56250,
900027,2010,F2095001,3,1,National Center for Atmospheric Research,Boulder,CO,80307,04.d,Type of R&D,All,Federal,188960,
900027,2010,F2095001,3,1,National Center for Atmospheric Research,Boulder,CO,80307,04.d,Type of R&D,All,Nonfederal,31368,
900027,2010,F2095001,3,1,National Center for Atmospheric Research,Boulder,CO,80307,04.d,Type of R&D,All,Total,220328,
900027,2010,F2095001,3,1,National Center for Atmospheric Research,Boulder,CO,80307,N/A,ARRA funds,Total,,464,
900028,2010,F2161001,3,1,National Radio Astronomy Observatory,Charlottesville,VA,22903,01.a,Source,Federal government,,136748,
900028,2010,F2161001,3,1,National Radio Astronomy Observatory,Charlottesville,VA,22903,01.e,Source,All other sources,,859,
900028,2010,F2161001,3,1,National Radio Astronomy Observatory,Charlottesville,VA,22903,01.f,Source,Total,,137607,
900028,2010,F2161001,3,1,National Radio Astronomy Observatory,Charlottesville,VA,22903,04.a,Type of R&D,Basic research,Federal,70414,
900028,2010,F2161001,3,1,National Radio Astronomy Observatory,Charlottesville,VA,22903,04.a,Type of R&D,Basic research,Nonfederal,859,
900028,2010,F2161001,3,1,National Radio Astronomy Observatory,Charlottesville,VA,22903,04.a,Type of R&D,Basic research,Total,71273,
900028,2010,F2161001,3,1,National Radio Astronomy Observatory,Charlottesville,VA,22903,04.c,Type of R&D,Development,Federal,66334,
900028,2010,F2161001,3,1,National Radio Astronomy Observatory,Charlottesville,VA,22903,04.c,Type of R&D,Development,Nonfederal,0,
900028,2010,F2161001,3,1,National Radio Astronomy Observatory,Charlottesville,VA,22903,04.c,Type of R&D,Development,Total,66334,
900028,2010,F2161001,3,1,National Radio Astronomy Observatory,Charlottesville,VA,22903,04.d,Type of R&D,All,Federal,136748,
900028,2010,F2161001,3,1,National Radio Astronomy Observatory,Charlottesville,VA,22903,04.d,Type of R&D,All,Nonfederal,859,
900028,2010,F2161001,3,1,National Radio Astronomy Observatory,Charlottesville,VA,22903,04.d,Type of R&D,All,Total,137607,
900028,2010,F2161001,3,1,National Radio Astronomy Observatory,Charlottesville,VA,22903,N/A,ARRA funds,Total,,2539,
900038,2010,F0584001,3,3,Center for Naval Analyses,Alexandria,VA,22311-1850,01.a,Source,Federal government,,93310,
900038,2010,F0584001,3,3,Center for Naval Analyses,Alexandria,VA,22311-1850,01.b,Source,State and local government,,14379,
900038,2010,F0584001,3,3,Center for Naval Analyses,Alexandria,VA,22311-1850,01.d,Source,Nonprofit organizations,,1213,
900038,2010,F0584001,3,3,Center for Naval Analyses,Alexandria,VA,22311-1850,01.e,Source,All other sources,,166,
900038,2010,F0584001,3,3,Center for Naval Analyses,Alexandria,VA,22311-1850,01.f,Source,Total,,109068,
900038,2010,F0584001,3,3,Center for Naval Analyses,Alexandria,VA,22311-1850,04.a,Type of R&D,Basic research,Federal,93310,
900038,2010,F0584001,3,3,Center for Naval Analyses,Alexandria,VA,22311-1850,04.a,Type of R&D,Basic research,Nonfederal,15758,
900038,2010,F0584001,3,3,Center for Naval Analyses,Alexandria,VA,22311-1850,04.a,Type of R&D,Basic research,Total,109068,
900038,2010,F0584001,3,3,Center for Naval Analyses,Alexandria,VA,22311-1850,04.d,Type of R&D,All,Federal,93310,
900038,2010,F0584001,3,3,Center for Naval Analyses,Alexandria,VA,22311-1850,04.d,Type of R&D,All,Nonfederal,15758,
900038,2010,F0584001,3,3,Center for Naval Analyses,Alexandria,VA,22311-1850,04.d,Type of R&D,All,Total,109068,
900041,2010,F3072001,3,3,Studies and Analyses Center,Alexandria,VA,22311,01.a,Source,Federal government,,156000,
900041,2010,F3072001,3,3,Studies and Analyses Center,Alexandria,VA,22311,01.f,Source,Total,,156000,
900041,2010,F3072001,3,3,Studies and Analyses Center,Alexandria,VA,22311,04.b,Type of R&D,Applied research,Federal,156000,
900041,2010,F3072001,3,3,Studies and Analyses Center,Alexandria,VA,22311,04.b,Type of R&D,Applied research,Nonfederal,0,
900041,2010,F3072001,3,3,Studies and Analyses Center,Alexandria,VA,22311,04.b,Type of R&D,Applied research,Total,156000,
900041,2010,F3072001,3,3,Studies and Analyses Center,Alexandria,VA,22311,04.d,Type of R&D,All,Federal,156000,
900041,2010,F3072001,3,3,Studies and Analyses Center,Alexandria,VA,22311,04.d,Type of R&D,All,Nonfederal,0,
900041,2010,F3072001,3,3,Studies and Analyses Center,Alexandria,VA,22311,04.d,Type of R&D,All,Total,156000,
900042,2010,F0037001,3,3,Aerospace FFRDC,El Segundo,CA,90245-4609,01.a,Source,Federal government,,875926,
900042,2010,F0037001,3,3,Aerospace FFRDC,El Segundo,CA,90245-4609,01.c,Source,Business,,4291,
900042,2010,F0037001,3,3,Aerospace FFRDC,El Segundo,CA,90245-4609,01.e,Source,All other sources,,436,
900042,2010,F0037001,3,3,Aerospace FFRDC,El Segundo,CA,90245-4609,01.f,Source,Total,,880653,
900042,2010,F0037001,3,3,Aerospace FFRDC,El Segundo,CA,90245-4609,04.a,Type of R&D,Basic research,Federal,15260,
900042,2010,F0037001,3,3,Aerospace FFRDC,El Segundo,CA,90245-4609,04.a,Type of R&D,Basic research,Nonfederal,236,
900042,2010,F0037001,3,3,Aerospace FFRDC,El Segundo,CA,90245-4609,04.a,Type of R&D,Basic research,Total,15496,
900042,2010,F0037001,3,3,Aerospace FFRDC,El Segundo,CA,90245-4609,04.b,Type of R&D,Applied research,Federal,41630,
900042,2010,F0037001,3,3,Aerospace FFRDC,El Segundo,CA,90245-4609,04.b,Type of R&D,Applied research,Nonfederal,4491,
900042,2010,F0037001,3,3,Aerospace FFRDC,El Segundo,CA,90245-4609,04.b,Type of R&D,Applied research,Total,46121,
900042,2010,F0037001,3,3,Aerospace FFRDC,El Segundo,CA,90245-4609,04.c,Type of R&D,Development,Federal,819036,
900042,2010,F0037001,3,3,Aerospace FFRDC,El Segundo,CA,90245-4609,04.c,Type of R&D,Development,Nonfederal,0,
900042,2010,F0037001,3,3,Aerospace FFRDC,El Segundo,CA,90245-4609,04.c,Type of R&D,Development,Total,819036,
900042,2010,F0037001,3,3,Aerospace FFRDC,El Segundo,CA,90245-4609,04.d,Type of R&D,All,Federal,875926,
900042,2010,F0037001,3,3,Aerospace FFRDC,El Segundo,CA,90245-4609,04.d,Type of R&D,All,Nonfederal,4727,
900042,2010,F0037001,3,3,Aerospace FFRDC,El Segundo,CA,90245-4609,04.d,Type of R&D,All,Total,880653,
900045,2010,,3,3,C3I Federally Funded Research and Development Center,McLean,VA,22102,01.a,Source,Federal government,,925027,
900045,2010,,3,3,C3I Federally Funded Research and Development Center,McLean,VA,22102,01.f,Source,Total,,925027,
900045,2010,,3,3,C3I Federally Funded Research and Development Center,McLean,VA,22102,04.b,Type of R&D,Applied research,Federal,48289,
900045,2010,,3,3,C3I Federally Funded Research and Development Center,McLean,VA,22102,04.b,Type of R&D,Applied research,Nonfederal,0,
900045,2010,,3,3,C3I Federally Funded Research and Development Center,McLean,VA,22102,04.b,Type of R&D,Applied research,Total,48289,
900045,2010,,3,3,C3I Federally Funded Research and Development Center,McLean,VA,22102,04.c,Type of R&D,Development,Federal,876738,
900045,2010,,3,3,C3I Federally Funded Research and Development Center,McLean,VA,22102,04.c,Type of R&D,Development,Nonfederal,0,
900045,2010,,3,3,C3I Federally Funded Research and Development Center,McLean,VA,22102,04.c,Type of R&D,Development,Total,876738,
900045,2010,,3,3,C3I Federally Funded Research and Development Center,McLean,VA,22102,04.d,Type of R&D,All,Federal,925027,
900045,2010,,3,3,C3I Federally Funded Research and Development Center,McLean,VA,22102,04.d,Type of R&D,All,Nonfederal,0,
900045,2010,,3,3,C3I Federally Funded Research and Development Center,McLean,VA,22102,04.d,Type of R&D,All,Total,925027,
900064,2010,F1084001,3,1,Fermi National Accelerator Laboratory,Batavia,IL,60510,01.a,Source,Federal government,,402150,
900064,2010,F1084001,3,1,Fermi National Accelerator Laboratory,Batavia,IL,60510,01.c,Source,Business,,243,
900064,2010,F1084001,3,1,Fermi National Accelerator Laboratory,Batavia,IL,60510,01.d,Source,Nonprofit organizations,,265,
900064,2010,F1084001,3,1,Fermi National Accelerator Laboratory,Batavia,IL,60510,01.f,Source,Total,,402658,
900064,2010,F1084001,3,1,Fermi National Accelerator Laboratory,Batavia,IL,60510,04.a,Type of R&D,Basic research,Federal,402150,
900064,2010,F1084001,3,1,Fermi National Accelerator Laboratory,Batavia,IL,60510,04.a,Type of R&D,Basic research,Nonfederal,508,
900064,2010,F1084001,3,1,Fermi National Accelerator Laboratory,Batavia,IL,60510,04.a,Type of R&D,Basic research,Total,402658,
900064,2010,F1084001,3,1,Fermi National Accelerator Laboratory,Batavia,IL,60510,04.d,Type of R&D,All,Federal,402150,
900064,2010,F1084001,3,1,Fermi National Accelerator Laboratory,Batavia,IL,60510,04.d,Type of R&D,All,Nonfederal,508,
900064,2010,F1084001,3,1,Fermi National Accelerator Laboratory,Batavia,IL,60510,04.d,Type of R&D,All,Total,402658,
900064,2010,F1084001,3,1,Fermi National Accelerator Laboratory,Batavia,IL,60510,N/A,ARRA funds,Total,,19474,
900065,2010,F2569001,3,3,Project Air Force,Santa Monica,CA,90407-2138,01.a,Source,Federal government,,43957,
900065,2010,F2569001,3,3,Project Air Force,Santa Monica,CA,90407-2138,01.f,Source,Total,,43957,
900065,2010,F2569001,3,3,Project Air Force,Santa Monica,CA,90407-2138,04.b,Type of R&D,Applied research,Federal,43957,
900065,2010,F2569001,3,3,Project Air Force,Santa Monica,CA,90407-2138,04.b,Type of R&D,Applied research,Nonfederal,0,
900065,2010,F2569001,3,3,Project Air Force,Santa Monica,CA,90407-2138,04.b,Type of R&D,Applied research,Total,43957,
900065,2010,F2569001,3,3,Project Air Force,Santa Monica,CA,90407-2138,04.d,Type of R&D,All,Federal,43957,
900065,2010,F2569001,3,3,Project Air Force,Santa Monica,CA,90407-2138,04.d,Type of R&D,All,Nonfederal,0,
900065,2010,F2569001,3,3,Project Air Force,Santa Monica,CA,90407-2138,04.d,Type of R&D,All,Total,43957,
900066,2010,F2164001,3,3,National Renewable Energy Laboratory,Golden,CO,80401,01.a,Source,Federal government,,315568,
900066,2010,F2164001,3,3,National Renewable Energy Laboratory,Golden,CO,80401,01.b,Source,State and local government,,198,
900066,2010,F2164001,3,3,National Renewable Energy Laboratory,Golden,CO,80401,01.c,Source,Business,,10883,
900066,2010,F2164001,3,3,National Renewable Energy Laboratory,Golden,CO,80401,01.e,Source,All other sources,,3,
900066,2010,F2164001,3,3,National Renewable Energy Laboratory,Golden,CO,80401,01.f,Source,Total,,326652,
900066,2010,F2164001,3,3,National Renewable Energy Laboratory,Golden,CO,80401,04.a,Type of R&D,Basic research,Federal,14122,
900066,2010,F2164001,3,3,National Renewable Energy Laboratory,Golden,CO,80401,04.a,Type of R&D,Basic research,Nonfederal,0,
900066,2010,F2164001,3,3,National Renewable Energy Laboratory,Golden,CO,80401,04.a,Type of R&D,Basic research,Total,14122,
900066,2010,F2164001,3,3,National Renewable Energy Laboratory,Golden,CO,80401,04.b,Type of R&D,Applied research,Federal,52222,
900066,2010,F2164001,3,3,National Renewable Energy Laboratory,Golden,CO,80401,04.b,Type of R&D,Applied research,Nonfederal,10916,
900066,2010,F2164001,3,3,National Renewable Energy Laboratory,Golden,CO,80401,04.b,Type of R&D,Applied research,Total,63138,
900066,2010,F2164001,3,3,National Renewable Energy Laboratory,Golden,CO,80401,04.c,Type of R&D,Development,Federal,249224,
900066,2010,F2164001,3,3,National Renewable Energy Laboratory,Golden,CO,80401,04.c,Type of R&D,Development,Nonfederal,168,
900066,2010,F2164001,3,3,National Renewable Energy Laboratory,Golden,CO,80401,04.c,Type of R&D,Development,Total,249392,
900066,2010,F2164001,3,3,National Renewable Energy Laboratory,Golden,CO,80401,04.d,Type of R&D,All,Federal,315568,
900066,2010,F2164001,3,3,National Renewable Energy Laboratory,Golden,CO,80401,04.d,Type of R&D,All,Nonfederal,11084,
900066,2010,F2164001,3,3,National Renewable Energy Laboratory,Golden,CO,80401,04.d,Type of R&D,All,Total,326652,
900066,2010,F2164001,3,3,National Renewable Energy Laboratory,Golden,CO,80401,N/A,ARRA funds,Total,,36383,
900067,2010,F2881001,3,1,Software Engineering Institute,Pittsburgh,PA,15213,01.a,Source,Federal government,,96595,
900067,2010,F2881001,3,1,Software Engineering Institute,Pittsburgh,PA,15213,01.c,Source,Business,,1031,
900067,2010,F2881001,3,1,Software Engineering Institute,Pittsburgh,PA,15213,01.e,Source,All other sources,,1708,
900067,2010,F2881001,3,1,Software Engineering Institute,Pittsburgh,PA,15213,01.f,Source,Total,,99334,
900067,2010,F2881001,3,1,Software Engineering Institute,Pittsburgh,PA,15213,04.b,Type of R&D,Applied research,Federal,20373,
900067,2010,F2881001,3,1,Software Engineering Institute,Pittsburgh,PA,15213,04.b,Type of R&D,Applied research,Nonfederal,0,
900067,2010,F2881001,3,1,Software Engineering Institute,Pittsburgh,PA,15213,04.b,Type of R&D,Applied research,Total,20373,
900067,2010,F2881001,3,1,Software Engineering Institute,Pittsburgh,PA,15213,04.c,Type of R&D,Development,Federal,76222,
900067,2010,F2881001,3,1,Software Engineering Institute,Pittsburgh,PA,15213,04.c,Type of R&D,Development,Nonfederal,2739,
900067,2010,F2881001,3,1,Software Engineering Institute,Pittsburgh,PA,15213,04.c,Type of R&D,Development,Total,78961,
900067,2010,F2881001,3,1,Software Engineering Institute,Pittsburgh,PA,15213,04.d,Type of R&D,All,Federal,96595,
900067,2010,F2881001,3,1,Software Engineering Institute,Pittsburgh,PA,15213,04.d,Type of R&D,All,Nonfederal,2739,
900067,2010,F2881001,3,1,Software Engineering Institute,Pittsburgh,PA,15213,04.d,Type of R&D,All,Total,99334,
900067,2010,F2881001,3,1,Software Engineering Institute,Pittsburgh,PA,15213,N/A,ARRA funds,Total,,12,
900069,2010,F2117001,3,3,National Defense Research Institute,Santa Monica,CA,90407-2138,01.a,Source,Federal government,,51652,
900069,2010,F2117001,3,3,National Defense Research Institute,Santa Monica,CA,90407-2138,01.f,Source,Total,,51652,
900069,2010,F2117001,3,3,National Defense Research Institute,Santa Monica,CA,90407-2138,04.b,Type of R&D,Applied research,Federal,51652,
900069,2010,F2117001,3,3,National Defense Research Institute,Santa Monica,CA,90407-2138,04.b,Type of R&D,Applied research,Nonfederal,0,
900069,2010,F2117001,3,3,National Defense Research Institute,Santa Monica,CA,90407-2138,04.b,Type of R&D,Applied research,Total,51652,
900069,2010,F2117001,3,3,National Defense Research Institute,Santa Monica,CA,90407-2138,04.d,Type of R&D,All,Federal,51652,
900069,2010,F2117001,3,3,National Defense Research Institute,Santa Monica,CA,90407-2138,04.d,Type of R&D,All,Nonfederal,0,
900069,2010,F2117001,3,3,National Defense Research Institute,Santa Monica,CA,90407-2138,04.d,Type of R&D,All,Total,51652,
900070,2010,F0267001,3,3,Arroyo Center,Santa Monica,CA,90406-2138,01.a,Source,Federal government,,28647,
900070,2010,F0267001,3,3,Arroyo Center,Santa Monica,CA,90406-2138,01.f,Source,Total,,28647,
900070,2010,F0267001,3,3,Arroyo Center,Santa Monica,CA,90406-2138,04.b,Type of R&D,Applied research,Federal,28647,
900070,2010,F0267001,3,3,Arroyo Center,Santa Monica,CA,90406-2138,04.b,Type of R&D,Applied research,Nonfederal,0,
900070,2010,F0267001,3,3,Arroyo Center,Santa Monica,CA,90406-2138,04.b,Type of R&D,Applied research,Total,28647,
900070,2010,F0267001,3,3,Arroyo Center,Santa Monica,CA,90406-2138,04.d,Type of R&D,All,Federal,28647,
900070,2010,F0267001,3,3,Arroyo Center,Santa Monica,CA,90406-2138,04.d,Type of R&D,All,Nonfederal,0,
900070,2010,F0267001,3,3,Arroyo Center,Santa Monica,CA,90406-2138,04.d,Type of R&D,All,Total,28647,
900071,2010,F3137001,3,1,Thomas Jefferson National Accelerator Facility,Newport News,VA,23606,01.a,Source,Federal government,,89871,
900071,2010,F3137001,3,1,Thomas Jefferson National Accelerator Facility,Newport News,VA,23606,01.b,Source,State and local government,,585,
900071,2010,F3137001,3,1,Thomas Jefferson National Accelerator Facility,Newport News,VA,23606,01.f,Source,Total,,90456,
900071,2010,F3137001,3,1,Thomas Jefferson National Accelerator Facility,Newport News,VA,23606,04.a,Type of R&D,Basic research,Federal,89871,
900071,2010,F3137001,3,1,Thomas Jefferson National Accelerator Facility,Newport News,VA,23606,04.a,Type of R&D,Basic research,Nonfederal,585,
900071,2010,F3137001,3,1,Thomas Jefferson National Accelerator Facility,Newport News,VA,23606,04.a,Type of R&D,Basic research,Total,90456,
900071,2010,F3137001,3,1,Thomas Jefferson National Accelerator Facility,Newport News,VA,23606,04.d,Type of R&D,All,Federal,89871,
900071,2010,F3137001,3,1,Thomas Jefferson National Accelerator Facility,Newport News,VA,23606,04.d,Type of R&D,All,Nonfederal,585,
900071,2010,F3137001,3,1,Thomas Jefferson National Accelerator Facility,Newport News,VA,23606,04.d,Type of R&D,All,Total,90456,
900071,2010,F3137001,3,1,Thomas Jefferson National Accelerator Facility,Newport News,VA,23606,N/A,ARRA funds,Total,,1357,
900080,2010,F0585001,3,3,Center for Nuclear Waste Regulatory Analyses,San Antonio,TX,78228-0510,01.a,Source,Federal government,,14860,
900080,2010,F0585001,3,3,Center for Nuclear Waste Regulatory Analyses,San Antonio,TX,78228-0510,01.b,Source,State and local government,,20,
900080,2010,F0585001,3,3,Center for Nuclear Waste Regulatory Analyses,San Antonio,TX,78228-0510,01.c,Source,Business,,374,
900080,2010,F0585001,3,3,Center for Nuclear Waste Regulatory Analyses,San Antonio,TX,78228-0510,01.d,Source,Nonprofit organizations,,92,
900080,2010,F0585001,3,3,Center for Nuclear Waste Regulatory Analyses,San Antonio,TX,78228-0510,01.f,Source,Total,,15346,
900080,2010,F0585001,3,3,Center for Nuclear Waste Regulatory Analyses,San Antonio,TX,78228-0510,04.b,Type of R&D,Applied research,Federal,14860,
900080,2010,F0585001,3,3,Center for Nuclear Waste Regulatory Analyses,San Antonio,TX,78228-0510,04.b,Type of R&D,Applied research,Nonfederal,486,
900080,2010,F0585001,3,3,Center for Nuclear Waste Regulatory Analyses,San Antonio,TX,78228-0510,04.b,Type of R&D,Applied research,Total,15346,
900080,2010,F0585001,3,3,Center for Nuclear Waste Regulatory Analyses,San Antonio,TX,78228-0510,04.d,Type of R&D,All,Federal,14860,
900080,2010,F0585001,3,3,Center for Nuclear Waste Regulatory Analyses,San Antonio,TX,78228-0510,04.d,Type of R&D,All,Nonfederal,486,
900080,2010,F0585001,3,3,Center for Nuclear Waste Regulatory Analyses,San Antonio,TX,78228-0510,04.d,Type of R&D,All,Total,15346,
901020,2010,F0570001,3,3,Center for Advanced Aviation System Development,McLean,VA,22102,01.a,Source,Federal government,,142498,
901020,2010,F0570001,3,3,Center for Advanced Aviation System Development,McLean,VA,22102,01.e,Source,All other sources,,7188,
901020,2010,F0570001,3,3,Center for Advanced Aviation System Development,McLean,VA,22102,01.f,Source,Total,,149686,
901020,2010,F0570001,3,3,Center for Advanced Aviation System Development,McLean,VA,22102,04.b,Type of R&D,Applied research,Federal,7634,
901020,2010,F0570001,3,3,Center for Advanced Aviation System Development,McLean,VA,22102,04.b,Type of R&D,Applied research,Nonfederal,246,
901020,2010,F0570001,3,3,Center for Advanced Aviation System Development,McLean,VA,22102,04.b,Type of R&D,Applied research,Total,7880,
901020,2010,F0570001,3,3,Center for Advanced Aviation System Development,McLean,VA,22102,04.c,Type of R&D,Development,Federal,134864,
901020,2010,F0570001,3,3,Center for Advanced Aviation System Development,McLean,VA,22102,04.c,Type of R&D,Development,Nonfederal,6942,
901020,2010,F0570001,3,3,Center for Advanced Aviation System Development,McLean,VA,22102,04.c,Type of R&D,Development,Total,141806,
901020,2010,F0570001,3,3,Center for Advanced Aviation System Development,McLean,VA,22102,04.d,Type of R&D,All,Federal,142498,
901020,2010,F0570001,3,3,Center for Advanced Aviation System Development,McLean,VA,22102,04.d,Type of R&D,All,Nonfederal,7188,
901020,2010,F0570001,3,3,Center for Advanced Aviation System Development,McLean,VA,22102,04.d,Type of R&D,All,Total,149686,
901031,2010,F0574001,3,3,Center for Communications and Computing,Alexandria,VA,22311,01.a,Source,Federal government,,71927,
901031,2010,F0574001,3,3,Center for Communications and Computing,Alexandria,VA,22311,01.f,Source,Total,,71927,
901031,2010,F0574001,3,3,Center for Communications and Computing,Alexandria,VA,22311,04.a,Type of R&D,Basic research,Federal,17982,
901031,2010,F0574001,3,3,Center for Communications and Computing,Alexandria,VA,22311,04.a,Type of R&D,Basic research,Nonfederal,0,
901031,2010,F0574001,3,3,Center for Communications and Computing,Alexandria,VA,22311,04.a,Type of R&D,Basic research,Total,17982,
901031,2010,F0574001,3,3,Center for Communications and Computing,Alexandria,VA,22311,04.b,Type of R&D,Applied research,Federal,35963,
901031,2010,F0574001,3,3,Center for Communications and Computing,Alexandria,VA,22311,04.b,Type of R&D,Applied research,Nonfederal,0,
901031,2010,F0574001,3,3,Center for Communications and Computing,Alexandria,VA,22311,04.b,Type of R&D,Applied research,Total,35963,
901031,2010,F0574001,3,3,Center for Communications and Computing,Alexandria,VA,22311,04.c,Type of R&D,Development,Federal,17982,
901031,2010,F0574001,3,3,Center for Communications and Computing,Alexandria,VA,22311,04.c,Type of R&D,Development,Nonfederal,0,
901031,2010,F0574001,3,3,Center for Communications and Computing,Alexandria,VA,22311,04.c,Type of R&D,Development,Total,17982,
901031,2010,F0574001,3,3,Center for Communications and Computing,Alexandria,VA,22311,04.d,Type of R&D,All,Federal,71927,
901031,2010,F0574001,3,3,Center for Communications and Computing,Alexandria,VA,22311,04.d,Type of R&D,All,Nonfederal,0,
901031,2010,F0574001,3,3,Center for Communications and Computing,Alexandria,VA,22311,04.d,Type of R&D,All,Total,71927,
910002,2010,F2092001,3,2,National Cancer Institute at Frederick,Frederick,MD,21702-1201,01.a,Source,Federal government,,643935,
910002,2010,F2092001,3,2,National Cancer Institute at Frederick,Frederick,MD,21702-1201,01.f,Source,Total,,643935,
910002,2010,F2092001,3,2,National Cancer Institute at Frederick,Frederick,MD,21702-1201,04.a,Type of R&D,Basic research,Federal,58300,
910002,2010,F2092001,3,2,National Cancer Institute at Frederick,Frederick,MD,21702-1201,04.a,Type of R&D,Basic research,Nonfederal,0,
910002,2010,F2092001,3,2,National Cancer Institute at Frederick,Frederick,MD,21702-1201,04.a,Type of R&D,Basic research,Total,58300,
910002,2010,F2092001,3,2,National Cancer Institute at Frederick,Frederick,MD,21702-1201,04.b,Type of R&D,Applied research,Federal,585635,
910002,2010,F2092001,3,2,National Cancer Institute at Frederick,Frederick,MD,21702-1201,04.b,Type of R&D,Applied research,Nonfederal,0,
910002,2010,F2092001,3,2,National Cancer Institute at Frederick,Frederick,MD,21702-1201,04.b,Type of R&D,Applied research,Total,585635,
910002,2010,F2092001,3,2,National Cancer Institute at Frederick,Frederick,MD,21702-1201,04.d,Type of R&D,All,Federal,643935,
910002,2010,F2092001,3,2,National Cancer Institute at Frederick,Frederick,MD,21702-1201,04.d,Type of R&D,All,Nonfederal,0,
910002,2010,F2092001,3,2,National Cancer Institute at Frederick,Frederick,MD,21702-1201,04.d,Type of R&D,All,Total,643935,
910002,2010,F2092001,3,2,National Cancer Institute at Frederick,Frederick,MD,21702-1201,N/A,ARRA funds,Total,,183335,
910005,2010,F1402001,3,2,Idaho National Laboratory,Idaho Falls,ID,83415,01.a,Source,Federal government,,463843,
910005,2010,F1402001,3,2,Idaho National Laboratory,Idaho Falls,ID,83415,01.b,Source,State and local government,,932,
910005,2010,F1402001,3,2,Idaho National Laboratory,Idaho Falls,ID,83415,01.c,Source,Business,,10405,
910005,2010,F1402001,3,2,Idaho National Laboratory,Idaho Falls,ID,83415,01.d,Source,Nonprofit organizations,,302,
910005,2010,F1402001,3,2,Idaho National Laboratory,Idaho Falls,ID,83415,01.e,Source,All other sources,,2874,
910005,2010,F1402001,3,2,Idaho National Laboratory,Idaho Falls,ID,83415,01.f,Source,Total,,478356,
910005,2010,F1402001,3,2,Idaho National Laboratory,Idaho Falls,ID,83415,04.a,Type of R&D,Basic research,Federal,48704,
910005,2010,F1402001,3,2,Idaho National Laboratory,Idaho Falls,ID,83415,04.a,Type of R&D,Basic research,Nonfederal,1524,
910005,2010,F1402001,3,2,Idaho National Laboratory,Idaho Falls,ID,83415,04.a,Type of R&D,Basic research,Total,50228,
910005,2010,F1402001,3,2,Idaho National Laboratory,Idaho Falls,ID,83415,04.b,Type of R&D,Applied research,Federal,211512,
910005,2010,F1402001,3,2,Idaho National Laboratory,Idaho Falls,ID,83415,04.b,Type of R&D,Applied research,Nonfederal,6618,
910005,2010,F1402001,3,2,Idaho National Laboratory,Idaho Falls,ID,83415,04.b,Type of R&D,Applied research,Total,218130,
910005,2010,F1402001,3,2,Idaho National Laboratory,Idaho Falls,ID,83415,04.c,Type of R&D,Development,Federal,203627,
910005,2010,F1402001,3,2,Idaho National Laboratory,Idaho Falls,ID,83415,04.c,Type of R&D,Development,Nonfederal,6371,
910005,2010,F1402001,3,2,Idaho National Laboratory,Idaho Falls,ID,83415,04.c,Type of R&D,Development,Total,209998,
910005,2010,F1402001,3,2,Idaho National Laboratory,Idaho Falls,ID,83415,04.d,Type of R&D,All,Federal,463843,
910005,2010,F1402001,3,2,Idaho National Laboratory,Idaho Falls,ID,83415,04.d,Type of R&D,All,Nonfederal,14513,
910005,2010,F1402001,3,2,Idaho National Laboratory,Idaho Falls,ID,83415,04.d,Type of R&D,All,Total,478356,
910005,2010,F1402001,3,2,Idaho National Laboratory,Idaho Falls,ID,83415,N/A,ARRA funds,Total,,3536,
910009,2010,F2748001,3,2,Sandia National Laboratories,Albuquerque,NM,87185-0969,01.a,Source,Federal government,,2106824,
910009,2010,F2748001,3,2,Sandia National Laboratories,Albuquerque,NM,87185-0969,01.b,Source,State and local government,,428,
910009,2010,F2748001,3,2,Sandia National Laboratories,Albuquerque,NM,87185-0969,01.c,Source,Business,,28489,
910009,2010,F2748001,3,2,Sandia National Laboratories,Albuquerque,NM,87185-0969,01.d,Source,Nonprofit organizations,,1821,
910009,2010,F2748001,3,2,Sandia National Laboratories,Albuquerque,NM,87185-0969,01.e,Source,All other sources,,19460,
910009,2010,F2748001,3,2,Sandia National Laboratories,Albuquerque,NM,87185-0969,01.f,Source,Total,,2157022,
910009,2010,F2748001,3,2,Sandia National Laboratories,Albuquerque,NM,87185-0969,04.a,Type of R&D,Basic research,Federal,91647,
910009,2010,F2748001,3,2,Sandia National Laboratories,Albuquerque,NM,87185-0969,04.a,Type of R&D,Basic research,Nonfederal,0,
910009,2010,F2748001,3,2,Sandia National Laboratories,Albuquerque,NM,87185-0969,04.a,Type of R&D,Basic research,Total,91647,
910009,2010,F2748001,3,2,Sandia National Laboratories,Albuquerque,NM,87185-0969,04.b,Type of R&D,Applied research,Federal,435691,
910009,2010,F2748001,3,2,Sandia National Laboratories,Albuquerque,NM,87185-0969,04.b,Type of R&D,Applied research,Nonfederal,10843,
910009,2010,F2748001,3,2,Sandia National Laboratories,Albuquerque,NM,87185-0969,04.b,Type of R&D,Applied research,Total,446534,
910009,2010,F2748001,3,2,Sandia National Laboratories,Albuquerque,NM,87185-0969,04.c,Type of R&D,Development,Federal,1579486,
910009,2010,F2748001,3,2,Sandia National Laboratories,Albuquerque,NM,87185-0969,04.c,Type of R&D,Development,Nonfederal,39355,
910009,2010,F2748001,3,2,Sandia National Laboratories,Albuquerque,NM,87185-0969,04.c,Type of R&D,Development,Total,1618841,
910009,2010,F2748001,3,2,Sandia National Laboratories,Albuquerque,NM,87185-0969,04.d,Type of R&D,All,Federal,2106824,
910009,2010,F2748001,3,2,Sandia National Laboratories,Albuquerque,NM,87185-0969,04.d,Type of R&D,All,Nonfederal,50198,
910009,2010,F2748001,3,2,Sandia National Laboratories,Albuquerque,NM,87185-0969,04.d,Type of R&D,All,Total,2157022,
910009,2010,F2748001,3,2,Sandia National Laboratories,Albuquerque,NM,87185-0969,N/A,ARRA funds,Total,,14073,
910010,2010,F2763001,3,2,Savannah River National Laboratory,Aiken,SC,29808,01.a,Source,Federal government,,127160,
910010,2010,F2763001,3,2,Savannah River National Laboratory,Aiken,SC,29808,01.f,Source,Total,,127160,
910010,2010,F2763001,3,2,Savannah River National Laboratory,Aiken,SC,29808,04.a,Type of R&D,Basic research,Federal,6358,
910010,2010,F2763001,3,2,Savannah River National Laboratory,Aiken,SC,29808,04.a,Type of R&D,Basic research,Nonfederal,0,
910010,2010,F2763001,3,2,Savannah River National Laboratory,Aiken,SC,29808,04.a,Type of R&D,Basic research,Total,6358,
910010,2010,F2763001,3,2,Savannah River National Laboratory,Aiken,SC,29808,04.b,Type of R&D,Applied research,Federal,63580,
910010,2010,F2763001,3,2,Savannah River National Laboratory,Aiken,SC,29808,04.b,Type of R&D,Applied research,Nonfederal,0,
910010,2010,F2763001,3,2,Savannah River National Laboratory,Aiken,SC,29808,04.b,Type of R&D,Applied research,Total,63580,
910010,2010,F2763001,3,2,Savannah River National Laboratory,Aiken,SC,29808,04.c,Type of R&D,Development,Federal,57222,
910010,2010,F2763001,3,2,Savannah River National Laboratory,Aiken,SC,29808,04.c,Type of R&D,Development,Nonfederal,0,
910010,2010,F2763001,3,2,Savannah River National Laboratory,Aiken,SC,29808,04.c,Type of R&D,Development,Total,57222,
910010,2010,F2763001,3,2,Savannah River National Laboratory,Aiken,SC,29808,04.d,Type of R&D,All,Federal,127160,
910010,2010,F2763001,3,2,Savannah River National Laboratory,Aiken,SC,29808,04.d,Type of R&D,All,Nonfederal,0,
910010,2010,F2763001,3,2,Savannah River National Laboratory,Aiken,SC,29808,04.d,Type of R&D,All,Total,127160,
910010,2010,F2763001,3,2,Savannah River National Laboratory,Aiken,SC,29808,N/A,ARRA funds,Total,,17175,
930900,2010,F2776001,3,3,Science and Technology Policy Institute,Washington,DC,20006,01.a,Source,Federal government,,6000,
930900,2010,F2776001,3,3,Science and Technology Policy Institute,Washington,DC,20006,01.f,Source,Total,,6000,
930900,2010,F2776001,3,3,Science and Technology Policy Institute,Washington,DC,20006,04.b,Type of R&D,Applied research,Federal,6000,
930900,2010,F2776001,3,3,Science and Technology Policy Institute,Washington,DC,20006,04.b,Type of R&D,Applied research,Nonfederal,0,
930900,2010,F2776001,3,3,Science and Technology Policy Institute,Washington,DC,20006,04.b,Type of R&D,Applied research,Total,6000,
930900,2010,F2776001,3,3,Science and Technology Policy Institute,Washington,DC,20006,04.d,Type of R&D,All,Federal,6000,
930900,2010,F2776001,3,3,Science and Technology Policy Institute,Washington,DC,20006,04.d,Type of R&D,All,Nonfederal,0,
930900,2010,F2776001,3,3,Science and Technology Policy Institute,Washington,DC,20006,04.d,Type of R&D,All,Total,6000,
930901,2010,F0581001,3,3,Center for Enterprise Modernization,McLean,VA,22102,01.a,Source,Federal government,,170460,
930901,2010,F0581001,3,3,Center for Enterprise Modernization,McLean,VA,22102,01.f,Source,Total,,170460,
930901,2010,F0581001,3,3,Center for Enterprise Modernization,McLean,VA,22102,04.b,Type of R&D,Applied research,Federal,10126,
930901,2010,F0581001,3,3,Center for Enterprise Modernization,McLean,VA,22102,04.b,Type of R&D,Applied research,Nonfederal,0,
930901,2010,F0581001,3,3,Center for Enterprise Modernization,McLean,VA,22102,04.b,Type of R&D,Applied research,Total,10126,
930901,2010,F0581001,3,3,Center for Enterprise Modernization,McLean,VA,22102,04.c,Type of R&D,Development,Federal,160334,
930901,2010,F0581001,3,3,Center for Enterprise Modernization,McLean,VA,22102,04.c,Type of R&D,Development,Nonfederal,0,
930901,2010,F0581001,3,3,Center for Enterprise Modernization,McLean,VA,22102,04.c,Type of R&D,Development,Total,160334,
930901,2010,F0581001,3,3,Center for Enterprise Modernization,McLean,VA,22102,04.d,Type of R&D,All,Federal,170460,
930901,2010,F0581001,3,3,Center for Enterprise Modernization,McLean,VA,22102,04.d,Type of R&D,All,Nonfederal,0,
930901,2010,F0581001,3,3,Center for Enterprise Modernization,McLean,VA,22102,04.d,Type of R&D,All,Total,170460,
930901,2010,F0581001,3,3,Center for Enterprise Modernization,McLean,VA,22102,N/A,ARRA funds,Total,,401,
930902,2010,F1364001,3,3,Homeland Security Studies and Analysis Institute,Arlington,VA,22206,01.a,Source,Federal government,,33402,
930902,2010,F1364001,3,3,Homeland Security Studies and Analysis Institute,Arlington,VA,22206,01.f,Source,Total,,33402,
930902,2010,F1364001,3,3,Homeland Security Studies and Analysis Institute,Arlington,VA,22206,04.b,Type of R&D,Applied research,Federal,33402,
930902,2010,F1364001,3,3,Homeland Security Studies and Analysis Institute,Arlington,VA,22206,04.b,Type of R&D,Applied research,Nonfederal,0,
930902,2010,F1364001,3,3,Homeland Security Studies and Analysis Institute,Arlington,VA,22206,04.b,Type of R&D,Applied research,Total,33402,
930902,2010,F1364001,3,3,Homeland Security Studies and Analysis Institute,Arlington,VA,22206,04.d,Type of R&D,All,Federal,33402,
930902,2010,F1364001,3,3,Homeland Security Studies and Analysis Institute,Arlington,VA,22206,04.d,Type of R&D,All,Nonfederal,0,
930902,2010,F1364001,3,3,Homeland Security Studies and Analysis Institute,Arlington,VA,22206,04.d,Type of R&D,All,Total,33402,
930903,2010,F1365001,3,3,Homeland Security Systems Engineering and Development Institute,McLean,VA,22102-7539,01.a,Source,Federal government,,58715,
930903,2010,F1365001,3,3,Homeland Security Systems Engineering and Development Institute,McLean,VA,22102-7539,01.f,Source,Total,,58715,
930903,2010,F1365001,3,3,Homeland Security Systems Engineering and Development Institute,McLean,VA,22102-7539,04.b,Type of R&D,Applied research,Federal,1271,
930903,2010,F1365001,3,3,Homeland Security Systems Engineering and Development Institute,McLean,VA,22102-7539,04.b,Type of R&D,Applied research,Nonfederal,0,
930903,2010,F1365001,3,3,Homeland Security Systems Engineering and Development Institute,McLean,VA,22102-7539,04.b,Type of R&D,Applied research,Total,1271,
930903,2010,F1365001,3,3,Homeland Security Systems Engineering and Development Institute,McLean,VA,22102-7539,04.c,Type of R&D,Development,Federal,57444,
930903,2010,F1365001,3,3,Homeland Security Systems Engineering and Development Institute,McLean,VA,22102-7539,04.c,Type of R&D,Development,Nonfederal,0,
930903,2010,F1365001,3,3,Homeland Security Systems Engineering and Development Institute,McLean,VA,22102-7539,04.c,Type of R&D,Development,Total,57444,
930903,2010,F1365001,3,3,Homeland Security Systems Engineering and Development Institute,McLean,VA,22102-7539,04.d,Type of R&D,All,Federal,58715,
930903,2010,F1365001,3,3,Homeland Security Systems Engineering and Development Institute,McLean,VA,22102-7539,04.d,Type of R&D,All,Nonfederal,0,
930903,2010,F1365001,3,3,Homeland Security Systems Engineering and Development Institute,McLean,VA,22102-7539,04.d,Type of R&D,All,Total,58715,
930932,2010,,3,1,National Solar Observatory,Sunspot,NM,88349,01.a,Source,Federal government,,11549,
930932,2010,,3,1,National Solar Observatory,Sunspot,NM,88349,01.f,Source,Total,,11549,
930932,2010,,3,1,National Solar Observatory,Sunspot,NM,88349,04.a,Type of R&D,Basic research,Federal,11549,
930932,2010,,3,1,National Solar Observatory,Sunspot,NM,88349,04.a,Type of R&D,Basic research,Nonfederal,0,
930932,2010,,3,1,National Solar Observatory,Sunspot,NM,88349,04.a,Type of R&D,Basic research,Total,11549,
930932,2010,,3,1,National Solar Observatory,Sunspot,NM,88349,04.d,Type of R&D,All,Federal,11549,
930932,2010,,3,1,National Solar Observatory,Sunspot,NM,88349,04.d,Type of R&D,All,Nonfederal,0,
930932,2010,,3,1,National Solar Observatory,Sunspot,NM,88349,04.d,Type of R&D,All,Total,11549,
